sample_id,rin_score,pcr_duplication,mapping_rate
Sample_7,6.77,0.215,0.949
Sample_2,8.54,0.283,0.75
Sample_6,8.3,0.27,0.848
Sample_10,5.93,0.056,0.941
Sample_5,6.62,0.175,0.865
Sample_4,8.63,0.276,0.917
Sample_3,7.85,0.229,0.77
Sample_9,8.04,0.322,0.867
Sample_11,7.41,0.186,0.935
